window_id,segment_id,segment_order,start_ms,end_ms,start_utc,t_rel_start_s,temperature_mean_c,ambient_mean_c,rpm_mean,vibration_rms_mean_g,vibration_rms_max_g,raw_score,anomaly_score,health_score,status,driver_detector,indicators,explanation,top_deviation_1,top_deviation_1_z
0,S001,0,1788715800284,1788715810284,2026-09-06T17:30:00.284000+00:00,0.0,31.295,27.918,20.519,0.0597,0.0662,-0.012544,38.34,61.66,WATCH,temperature,vibration_below_baseline,Average vibration is below the learned baseline.,vib_rms_p75,-4.04
1,S001,0,1788715802784,1788715812784,2026-09-06T17:30:02.784000+00:00,2.5,31.295,27.923,20.5,0.06024,0.0662,-0.025851,26.93,73.07,NORMAL,temperature,vibration_below_baseline,Overall condition is within the normal band. The only feature outside the usual spread: average vibration is below the learned baseline.,vib_rms_p75,-3.92
2,S001,0,1788715805284,1788715815284,2026-09-06T17:30:05.284000+00:00,5.0,31.24,27.928,20.493,0.06039,0.0657,-0.01819,43.73,56.27,WATCH,temperature,vibration_below_baseline,Average vibration is below the learned baseline.,vib_rms_p75,-3.51
3,S001,0,1788715807784,1788715817784,2026-09-06T17:30:07.784000+00:00,7.5,31.179,27.934,20.467,0.061,0.0657,-0.009759,36.08,63.92,WATCH,temperature,vibration_below_baseline,Average vibration is below the learned baseline.,vib_rms_p75,-3.15
4,S001,0,1788715810284,1788715820284,2026-09-06T17:30:10.284000+00:00,10.0,31.204,27.935,20.449,0.06163,0.0659,-0.002012,38.13,61.87,WATCH,temperature,vibration_below_baseline|multiple_sensors_deviating,Multiple sensor indicators changed simultaneously: Average vibration is below the learned baseline.,vib_rms_kurtosis,3.14
5,S001,0,1788715812784,1788715822784,2026-09-06T17:30:12.784000+00:00,12.5,31.194,27.936,20.446,0.06123,0.0659,0.001857,65.15,34.85,WARNING,temperature,vibration_below_baseline|multiple_sensors_deviating,"Multiple sensor indicators changed simultaneously: Average vibration is below the learned baseline. Possible mechanical or thermal abnormality -- inspect before drawing a conclusion. This is a statistical deviation from the learned baseline, not a diagnosed fault.",rpm_min,-3.04
6,S002,1,1788715833666,1788715843666,2026-09-06T17:30:33.666000+00:00,33.382,31.559,28.012,20.482,0.06414,0.0759,-0.003723,42.5,57.5,WATCH,temperature,rpm_range_elevated|rpm_instability,The spread between minimum and maximum drive speed is unusually wide; and drive speed is less steady than the baseline.,rpm_min,-3.37
7,S002,1,1788715836166,1788715846166,2026-09-06T17:30:36.166000+00:00,35.882,31.534,28.024,20.456,0.06387,0.0759,0.001924,54.24,45.76,WATCH,rpm,rpm_range_elevated,The spread between minimum and maximum drive speed is unusually wide.,rpm_min,-3.37
8,S002,1,1788715838666,1788715848666,2026-09-06T17:30:38.666000+00:00,38.382,31.566,28.035,20.454,0.06332,0.0688,-0.028588,35.01,64.99,WATCH,rpm,,"Window scored as WATCH by the model, but no single feature exceeds the reporting threshold -- the deviation is spread across many features rather than concentrated in one.",rpm_min,-3.37
9,S002,1,1788715841166,1788715851166,2026-09-06T17:30:41.166000+00:00,40.882,31.632,28.047,20.474,0.06216,0.0688,-0.027777,27.78,72.22,NORMAL,temperature,vibration_below_baseline,Overall condition is within the normal band. The only feature outside the usual spread: average vibration is below the learned baseline.,vib_rms_mean,-2.52
10,S002,1,1788715843666,1788715853666,2026-09-06T17:30:43.666000+00:00,43.382,31.568,28.052,20.452,0.0615,0.0688,-0.00489,35.91,64.09,WATCH,joint,vibration_crest_elevated|vibration_below_baseline,Vibration crest factor peaked above the baseline; and average vibration is below the learned baseline.,vib_crest_sensor_range,4.62
11,S002,1,1788715846166,1788715856166,2026-09-06T17:30:46.166000+00:00,45.882,31.627,28.058,20.446,0.06165,0.069,-0.01515,28.98,71.02,NORMAL,joint,vibration_crest_elevated|vibration_below_baseline,Overall condition is within the normal band. The only features outside the usual spread: vibration crest factor peaked above the baseline; and average vibration is below the learned baseline.,vib_crest_sensor_range,4.62
12,S002,1,1788715848666,1788715858666,2026-09-06T17:30:48.666000+00:00,48.382,31.616,28.06,20.458,0.0615,0.0715,0.017652,52.91,47.09,WATCH,joint,vibration_crest_elevated|vibration_below_baseline,Vibration crest factor peaked above the baseline; and average vibration is below the learned baseline.,vib_crest_sensor_range,4.62
13,S003,2,1788716141626,1788716151626,2026-09-06T17:35:41.626000+00:00,341.342,32.736,28.362,20.502,0.06852,0.1011,0.053007,95.05,4.95,CRITICAL,vibration,vibration_crest_elevated|vibration_range_elevated|vibration_peak_above_baseline|vibration_variability_elevated,"Vibration crest factor peaked above the baseline; the spread between minimum and maximum vibration is unusually wide; peak vibration in the window is above the learned baseline; and vibration is fluctuating more than the baseline. Possible mechanical or thermal abnormality -- inspect before drawing a conclusion. This is a statistical deviation from the learned baseline, not a diagnosed fault.",vib_kurt_sensor_std,20.87
14,S003,2,1788716144126,1788716154126,2026-09-06T17:35:44.126000+00:00,343.842,32.705,28.365,20.483,0.0671,0.078,-0.095422,5.65,94.35,NORMAL,temperature,,Operating condition is consistent with the learned baseline; no feature deviates materially.,,0.0
15,S003,2,1788716146626,1788716156626,2026-09-06T17:35:46.626000+00:00,346.342,32.691,28.366,20.491,0.06661,0.078,-0.090242,8.25,91.75,NORMAL,temperature,,Operating condition is consistent with the learned baseline; no feature deviates materially.,,0.0
16,S003,2,1788716149126,1788716159126,2026-09-06T17:35:49.126000+00:00,348.842,32.675,28.366,20.48,0.06602,0.078,-0.071653,7.44,92.56,NORMAL,temperature,,Operating condition is consistent with the learned baseline; no feature deviates materially.,,0.0
17,S003,2,1788716151626,1788716161626,2026-09-06T17:35:51.626000+00:00,351.342,32.669,28.361,20.496,0.06765,0.078,-0.088414,9.47,90.53,NORMAL,temperature,,Operating condition is consistent with the learned baseline; no feature deviates materially.,,0.0
18,S003,2,1788716154126,1788716164126,2026-09-06T17:35:54.126000+00:00,353.842,32.761,28.359,20.498,0.06684,0.0758,-0.084311,18.55,81.45,NORMAL,temperature,,Operating condition is consistent with the learned baseline; no feature deviates materially.,,0.0
19,S003,2,1788716156626,1788716166626,2026-09-06T17:35:56.626000+00:00,356.342,32.802,28.363,20.495,0.06577,0.0758,-0.103534,4.77,95.23,NORMAL,temperature,,Operating condition is consistent with the learned baseline; no feature deviates materially.,,0.0
20,S003,2,1788716159126,1788716169126,2026-09-06T17:35:59.126000+00:00,358.842,32.876,28.369,20.5,0.06621,0.0758,-0.062725,9.07,90.93,NORMAL,temperature,,Operating condition is consistent with the learned baseline; no feature deviates materially.,acceleration_x_range,-2.72
21,S003,2,1788716161626,1788716171626,2026-09-06T17:36:01.626000+00:00,361.342,32.894,28.377,20.48,0.06563,0.0758,-0.074298,8.03,91.97,NORMAL,rpm,,Operating condition is consistent with the learned baseline; no feature deviates materially.,,0.0
22,S003,2,1788716164126,1788716174126,2026-09-06T17:36:04.126000+00:00,363.842,32.899,28.383,20.479,0.0657,0.0753,-0.084748,6.19,93.81,NORMAL,rpm,,Operating condition is consistent with the learned baseline; no feature deviates materially.,,0.0
23,S003,2,1788716166626,1788716176626,2026-09-06T17:36:06.626000+00:00,366.342,32.901,28.384,20.496,0.06595,0.0753,-0.100589,5.95,94.05,NORMAL,rpm,,Operating condition is consistent with the learned baseline; no feature deviates materially.,,0.0
24,S003,2,1788716169126,1788716179126,2026-09-06T17:36:09.126000+00:00,368.842,32.871,28.382,20.483,0.06555,0.0716,-0.081487,5.89,94.11,NORMAL,rpm,,Operating condition is consistent with the learned baseline; no feature deviates materially.,,0.0
25,S003,2,1788716171626,1788716181626,2026-09-06T17:36:11.626000+00:00,371.342,32.914,28.383,20.503,0.06544,0.0716,-0.068707,8.58,91.42,NORMAL,vibration,,Operating condition is consistent with the learned baseline; no feature deviates materially.,acceleration_y_std,2.56
26,S003,2,1788716174126,1788716184126,2026-09-06T17:36:14.126000+00:00,373.842,32.879,28.385,20.502,0.06601,0.0747,-0.090389,4.61,95.39,NORMAL,vibration,,Operating condition is consistent with the learned baseline; no feature deviates materially.,,0.0
27,S003,2,1788716176626,1788716186626,2026-09-06T17:36:16.626000+00:00,376.342,32.915,28.387,20.488,0.06655,0.0747,-0.081164,6.15,93.85,NORMAL,vibration,,Operating condition is consistent with the learned baseline; no feature deviates materially.,acceleration_magnitude_std,2.62
28,S003,2,1788716179126,1788716189126,2026-09-06T17:36:19.126000+00:00,378.842,32.88,28.394,20.5,0.06682,0.0747,-0.095794,4.33,95.67,NORMAL,temperature,,Operating condition is consistent with the learned baseline; no feature deviates materially.,,0.0
29,S005,4,1788716214519,1788716224519,2026-09-06T17:36:54.519000+00:00,414.235,33.069,28.519,20.478,0.06513,0.0827,-0.038728,38.73,61.27,WATCH,vibration,vibration_crest_elevated,Vibration crest factor peaked above the baseline.,vib_rms_kurtosis,8.58
30,S005,4,1788716217019,1788716227019,2026-09-06T17:36:57.019000+00:00,416.735,33.048,28.523,20.494,0.06432,0.0699,-0.093305,6.55,93.45,NORMAL,temperature,,Operating condition is consistent with the learned baseline; no feature deviates materially.,,0.0
31,S005,4,1788716219519,1788716229519,2026-09-06T17:36:59.519000+00:00,419.235,33.022,28.527,20.487,0.06433,0.0699,-0.088183,5.86,94.14,NORMAL,vibration,,Operating condition is consistent with the learned baseline; no feature deviates materially.,vib_kurt_sensor_mean,2.79
32,S005,4,1788716222019,1788716232019,2026-09-06T17:37:02.019000+00:00,421.735,32.999,28.53,20.488,0.06451,0.0699,-0.073543,19.44,80.56,NORMAL,temperature,,Operating condition is consistent with the learned baseline; no feature deviates materially.,,0.0
33,S005,4,1788716224519,1788716234519,2026-09-06T17:37:04.519000+00:00,424.235,33.06,28.53,20.51,0.06398,0.0701,-0.04642,17.97,82.03,NORMAL,vibration,,Operating condition is consistent with the learned baseline; no feature deviates materially.,acceleration_x_range,-2.97
34,S005,4,1788716227019,1788716237019,2026-09-06T17:37:07.019000+00:00,426.735,33.109,28.538,20.496,0.06434,0.0722,-0.05902,10.24,89.76,NORMAL,vibration,,Operating condition is consistent with the learned baseline; no feature deviates materially.,acceleration_x_std,-2.55
35,S005,4,1788716229519,1788716239519,2026-09-06T17:37:09.519000+00:00,429.235,33.183,28.545,20.512,0.06496,0.0724,-0.06176,8.82,91.18,NORMAL,joint,,Operating condition is consistent with the learned baseline; no feature deviates materially.,,0.0
36,S005,4,1788716232019,1788716242019,2026-09-06T17:37:12.019000+00:00,431.735,33.204,28.553,20.525,0.06624,0.0741,-0.056797,10.14,89.86,NORMAL,joint,,Operating condition is consistent with the learned baseline; no feature deviates materially.,,0.0
37,S005,4,1788716234519,1788716244519,2026-09-06T17:37:14.519000+00:00,434.235,33.176,28.565,20.496,0.06618,0.0741,-0.099196,4.23,95.77,NORMAL,temperature,,Operating condition is consistent with the learned baseline; no feature deviates materially.,,0.0
38,S005,4,1788716237019,1788716247019,2026-09-06T17:37:17.019000+00:00,436.735,33.168,28.566,20.51,0.06637,0.0741,-0.101424,3.39,96.61,NORMAL,rpm,,Operating condition is consistent with the learned baseline; no feature deviates materially.,acceleration_y_mean,2.57
39,S005,4,1788716239519,1788716249519,2026-09-06T17:37:19.519000+00:00,439.235,33.193,28.571,20.497,0.06684,0.0762,-0.103017,4.13,95.87,NORMAL,temperature,,Operating condition is consistent with the learned baseline; no feature deviates materially.,,0.0
40,S005,4,1788716242019,1788716252019,2026-09-06T17:37:22.019000+00:00,441.735,33.202,28.577,20.496,0.06642,0.0762,-0.09882,5.42,94.58,NORMAL,rpm,,Operating condition is consistent with the learned baseline; no feature deviates materially.,,0.0
41,S005,4,1788716244519,1788716254519,2026-09-06T17:37:24.519000+00:00,444.235,33.223,28.586,20.492,0.06702,0.0762,-0.088,6.98,93.02,NORMAL,rpm,,Operating condition is consistent with the learned baseline; no feature deviates materially.,,0.0
42,S005,4,1788716247019,1788716257019,2026-09-06T17:37:27.019000+00:00,446.735,33.202,28.597,20.486,0.06682,0.0762,-0.083492,6.29,93.71,NORMAL,vibration,,Operating condition is consistent with the learned baseline; no feature deviates materially.,,0.0
43,S005,4,1788716252019,1788716262019,2026-09-06T17:37:32.019000+00:00,451.735,33.192,28.621,20.482,0.06644,0.0739,-0.086579,6.27,93.73,NORMAL,vibration,,Operating condition is consistent with the learned baseline; no feature deviates materially.,vib_kurt_sensor_mean,2.89
44,S005,4,1788716254519,1788716264519,2026-09-06T17:37:34.519000+00:00,454.235,33.197,28.629,20.49,0.06551,0.0739,-0.099134,5.37,94.63,NORMAL,rpm,,Operating condition is consistent with the learned baseline; no feature deviates materially.,,0.0
45,S005,4,1788716257019,1788716267019,2026-09-06T17:37:37.019000+00:00,456.735,33.25,28.639,20.506,0.06542,0.0739,-0.095658,4.57,95.43,NORMAL,vibration,,Operating condition is consistent with the learned baseline; no feature deviates materially.,,0.0
46,S005,4,1788716259519,1788716269519,2026-09-06T17:37:39.519000+00:00,459.235,33.264,28.649,20.489,0.06541,0.0729,-0.098759,5.69,94.31,NORMAL,rpm,,Operating condition is consistent with the learned baseline; no feature deviates materially.,,0.0
47,S005,4,1788716262019,1788716272019,2026-09-06T17:37:42.019000+00:00,461.735,33.292,28.667,20.506,0.06645,0.073,-0.075379,10.89,89.11,NORMAL,temperature,,Operating condition is consistent with the learned baseline; no feature deviates materially.,ambient_std,3.2
48,S005,4,1788716264519,1788716274519,2026-09-06T17:37:44.519000+00:00,464.235,33.346,28.682,20.512,0.06724,0.073,-0.0803,10.85,89.15,NORMAL,temperature,,Operating condition is consistent with the learned baseline; no feature deviates materially.,ambient_std,2.5
49,S005,4,1788716267019,1788716277019,2026-09-06T17:37:47.019000+00:00,466.735,33.339,28.699,20.489,0.06751,0.073,-0.076829,10.88,89.12,NORMAL,vibration,,Operating condition is consistent with the learned baseline; no feature deviates materially.,,0.0
50,S005,4,1788716269519,1788716279519,2026-09-06T17:37:49.519000+00:00,469.235,33.377,28.711,20.497,0.06673,0.073,-0.08165,6.43,93.57,NORMAL,rpm,,Operating condition is consistent with the learned baseline; no feature deviates materially.,,0.0
51,S005,4,1788716272019,1788716282019,2026-09-06T17:37:52.019000+00:00,471.735,33.363,28.717,20.481,0.06542,0.0742,-0.097937,6.1,93.9,NORMAL,rpm,,Operating condition is consistent with the learned baseline; no feature deviates materially.,,0.0
52,S005,4,1788716274519,1788716284519,2026-09-06T17:37:54.519000+00:00,474.235,33.357,28.726,20.485,0.06432,0.0742,-0.06822,11.25,88.75,NORMAL,vibration,,Operating condition is consistent with the learned baseline; no feature deviates materially.,acceleration_magnitude_std,2.74
53,S005,4,1788716277019,1788716287019,2026-09-06T17:37:57.019000+00:00,476.735,33.353,28.733,20.476,0.06474,0.0742,-0.072474,8.14,91.86,NORMAL,vibration,,Operating condition is consistent with the learned baseline; no feature deviates materially.,acceleration_magnitude_std,2.82
54,S006,5,1788716296521,1788716306521,2026-09-06T17:38:16.521000+00:00,496.237,33.36,28.785,20.53,0.06911,0.0777,-0.079069,13.52,86.48,NORMAL,vibration,,Operating condition is consistent with the learned baseline; no feature deviates materially.,vib_kurt_sensor_min,-2.96
55,S006,5,1788716299021,1788716309021,2026-09-06T17:38:19.021000+00:00,498.737,33.403,28.796,20.512,0.07009,0.0777,-0.07603,11.68,88.32,NORMAL,vibration,,Operating condition is consistent with the learned baseline; no feature deviates materially.,vib_crest_sensor_std,2.97
56,S006,5,1788716301521,1788716311521,2026-09-06T17:38:21.521000+00:00,501.237,33.436,28.803,20.511,0.06981,0.0766,-0.069126,17.46,82.54,NORMAL,vibration,,Operating condition is consistent with the learned baseline; no feature deviates materially.,vib_kurt_sensor_min,-2.96
57,S006,5,1788716304021,1788716314021,2026-09-06T17:38:24.021000+00:00,503.737,33.408,28.81,20.5,0.07035,0.0783,-0.054326,16.05,83.95,NORMAL,vibration,,Operating condition is consistent with the learned baseline; no feature deviates materially.,vib_kurt_sensor_min,-2.96
58,S006,5,1788716306521,1788716316521,2026-09-06T17:38:26.521000+00:00,506.237,33.458,28.822,20.492,0.06983,0.0783,-0.067478,27.95,72.05,NORMAL,rpm,,Operating condition is consistent with the learned baseline; no feature deviates materially.,,0.0
59,S006,5,1788716309021,1788716319021,2026-09-06T17:38:29.021000+00:00,508.737,33.421,28.825,20.479,0.06919,0.0783,-0.081631,7.5,92.5,NORMAL,rpm,,Operating condition is consistent with the learned baseline; no feature deviates materially.,vib_kurt_sensor_min,2.87
60,S007,6,1788716329022,1788716339022,2026-09-06T17:38:49.022000+00:00,528.738,33.538,28.883,20.541,0.0676,0.0751,-0.070576,7.85,92.15,NORMAL,vibration,,Operating condition is consistent with the learned baseline; no feature deviates materially.,acceleration_y_mean,-3.01
61,S007,6,1788716331522,1788716341522,2026-09-06T17:38:51.522000+00:00,531.238,33.536,28.886,20.539,0.06733,0.0724,-0.089251,5.77,94.23,NORMAL,rpm,,Operating condition is consistent with the learned baseline; no feature deviates materially.,,0.0
62,S007,6,1788716334022,1788716344022,2026-09-06T17:38:54.022000+00:00,533.738,33.546,28.891,20.543,0.0671,0.0746,-0.101888,7.46,92.54,NORMAL,rpm,,Operating condition is consistent with the learned baseline; no feature deviates materially.,,0.0
63,S007,6,1788716336522,1788716346522,2026-09-06T17:38:56.522000+00:00,536.238,33.553,28.894,20.533,0.06727,0.0746,-0.090946,7.56,92.44,NORMAL,rpm,,Operating condition is consistent with the learned baseline; no feature deviates materially.,,0.0
64,S007,6,1788716339022,1788716349022,2026-09-06T17:38:59.022000+00:00,538.738,33.518,28.904,20.534,0.06723,0.0746,-0.076038,7.5,92.5,NORMAL,vibration,,Operating condition is consistent with the learned baseline; no feature deviates materially.,acceleration_x_min,2.53
65,S007,6,1788716341522,1788716351522,2026-09-06T17:39:01.522000+00:00,541.238,33.477,28.913,20.522,0.06802,0.0874,-0.072631,12.9,87.1,NORMAL,vibration,,Operating condition is consistent with the learned baseline; no feature deviates materially.,vib_rms_kurtosis,3.46
66,S008,7,1788716361023,1788716371023,2026-09-06T17:39:21.023000+00:00,560.739,33.572,28.928,20.549,0.06598,0.08,-0.094465,7.41,92.59,NORMAL,rpm,,Operating condition is consistent with the learned baseline; no feature deviates materially.,,0.0
67,S008,7,1788716363523,1788716373523,2026-09-06T17:39:23.523000+00:00,563.239,33.586,28.927,20.565,0.0667,0.08,-0.103846,7.85,92.15,NORMAL,rpm,,Operating condition is consistent with the learned baseline; no feature deviates materially.,,0.0
68,S008,7,1788716366023,1788716376023,2026-09-06T17:39:26.023000+00:00,565.739,33.574,28.926,20.569,0.06723,0.08,-0.08008,9.47,90.53,NORMAL,rpm,,Operating condition is consistent with the learned baseline; no feature deviates materially.,vib_rms_kurtosis,2.55
69,S008,7,1788716368523,1788716378523,2026-09-06T17:39:28.523000+00:00,568.239,33.594,28.926,20.56,0.06652,0.072,-0.081045,7.3,92.7,NORMAL,rpm,,Operating condition is consistent with the learned baseline; no feature deviates materially.,,0.0
70,S008,7,1788716371023,1788716381023,2026-09-06T17:39:31.023000+00:00,570.739,33.619,28.93,20.566,0.06709,0.0733,-0.083822,5.21,94.79,NORMAL,rpm,,Operating condition is consistent with the learned baseline; no feature deviates materially.,,0.0
71,S008,7,1788716373523,1788716383523,2026-09-06T17:39:33.523000+00:00,573.239,33.674,28.938,20.55,0.06614,0.0733,-0.090467,6.92,93.08,NORMAL,temperature,,Operating condition is consistent with the learned baseline; no feature deviates materially.,,0.0
72,S009,8,1788716393024,1788716403024,2026-09-06T17:39:53.024000+00:00,592.74,33.731,28.979,20.544,0.06505,0.0746,-0.102451,7.11,92.89,NORMAL,rpm,,Operating condition is consistent with the learned baseline; no feature deviates materially.,,0.0
73,S009,8,1788716395524,1788716405524,2026-09-06T17:39:55.524000+00:00,595.24,33.675,28.983,20.56,0.06478,0.0746,-0.09263,6.06,93.94,NORMAL,temperature,,Operating condition is consistent with the learned baseline; no feature deviates materially.,,0.0
74,S009,8,1788716398024,1788716408024,2026-09-06T17:39:58.024000+00:00,597.74,33.694,28.992,20.556,0.06559,0.0746,-0.101681,5.12,94.88,NORMAL,rpm,,Operating condition is consistent with the learned baseline; no feature deviates materially.,,0.0
75,S009,8,1788716400524,1788716410524,2026-09-06T17:40:00.524000+00:00,600.24,33.657,28.994,20.55,0.06549,0.0759,-0.099062,5.84,94.16,NORMAL,rpm,,Operating condition is consistent with the learned baseline; no feature deviates materially.,,0.0
76,S009,8,1788716403024,1788716413024,2026-09-06T17:40:03.024000+00:00,602.74,33.659,28.995,20.567,0.0658,0.0759,-0.104733,9.58,90.42,NORMAL,rpm,,Operating condition is consistent with the learned baseline; no feature deviates materially.,,0.0
77,S009,8,1788716405524,1788716415524,2026-09-06T17:40:05.524000+00:00,605.24,33.697,28.998,20.549,0.06588,0.0759,-0.115404,6.63,93.37,NORMAL,rpm,,Operating condition is consistent with the learned baseline; no feature deviates materially.,,0.0
78,S011,10,1788716442526,1788716452526,2026-09-06T17:40:42.526000+00:00,642.242,33.803,29.038,20.546,0.07007,0.0928,-0.051235,20.16,79.84,NORMAL,vibration,vibration_peak_above_baseline|vibration_range_elevated,Overall condition is within the normal band. The only features outside the usual spread: peak vibration in the window is above the learned baseline; and the spread between minimum and maximum vibration is unusually wide.,vib_rms_kurtosis,5.06
79,S011,10,1788716445026,1788716455026,2026-09-06T17:40:45.026000+00:00,644.742,33.784,29.037,20.526,0.06906,0.0928,-0.033043,31.38,68.62,NORMAL,vibration,vibration_range_elevated|vibration_variability_elevated|vibration_peak_above_baseline,Overall condition is within the normal band. The only features outside the usual spread: the spread between minimum and maximum vibration is unusually wide; vibration is fluctuating more than the baseline; and peak vibration in the window is above the learned baseline.,vib_rms_range,4.13
80,S011,10,1788716447526,1788716457526,2026-09-06T17:40:47.526000+00:00,647.242,33.807,29.04,20.544,0.06771,0.0928,-0.04162,41.95,58.05,WATCH,vibration,vibration_variability_elevated|vibration_range_elevated|vibration_peak_above_baseline,Vibration is fluctuating more than the baseline; the spread between minimum and maximum vibration is unusually wide; and peak vibration in the window is above the learned baseline.,vib_rms_slope_per_s,-5.87
81,S011,10,1788716450026,1788716460026,2026-09-06T17:40:50.026000+00:00,649.742,33.866,29.044,20.527,0.06358,0.0767,-0.052916,13.2,86.8,NORMAL,vibration,,Operating condition is consistent with the learned baseline; no feature deviates materially.,acceleration_x_mean,3.39
82,S011,10,1788716452526,1788716462526,2026-09-06T17:40:52.526000+00:00,652.242,33.892,29.046,20.525,0.06185,0.0739,-0.077505,7.89,92.11,NORMAL,vibration,vibration_below_baseline,Overall condition is within the normal band. The only feature outside the usual spread: average vibration is below the learned baseline.,vib_rms_p25,-3.0
83,S011,10,1788716455026,1788716465026,2026-09-06T17:40:55.026000+00:00,654.742,33.968,29.057,20.51,0.06204,0.072,-0.073969,6.79,93.21,NORMAL,rpm,vibration_below_baseline,Overall condition is within the normal band. The only feature outside the usual spread: average vibration is below the learned baseline.,vib_crest_sensor_std,4.03
84,S011,10,1788716457526,1788716467526,2026-09-06T17:40:57.526000+00:00,657.242,33.94,29.059,20.509,0.06168,0.072,-0.051093,31.21,68.79,NORMAL,rpm,rpm_range_elevated|vibration_below_baseline|multiple_sensors_deviating,Overall condition is within the normal band. The only features outside the usual spread: the spread between minimum and maximum drive speed is unusually wide; and average vibration is below the learned baseline.,rpm_range,3.04
85,S011,10,1788716460026,1788716470026,2026-09-06T17:41:00.026000+00:00,659.742,33.941,29.067,20.53,0.06125,0.072,-0.035775,20.64,79.36,NORMAL,rpm,vibration_crest_elevated|rpm_range_elevated|vibration_below_baseline|rpm_instability,Overall condition is within the normal band. The only features outside the usual spread: vibration crest factor peaked above the baseline; the spread between minimum and maximum drive speed is unusually wide; average vibration is below the learned baseline; and drive speed is less steady than the baseline.,vib_crest_sensor_std,4.74
86,S012,11,1788716480527,1788716490527,2026-09-06T17:41:20.527000+00:00,680.243,34.019,29.118,20.537,0.06764,0.0806,-0.087374,8.48,91.52,NORMAL,vibration,,Operating condition is consistent with the learned baseline; no feature deviates materially.,vib_rms_slope_per_s,3.21
87,S012,11,1788716483027,1788716493027,2026-09-06T17:41:23.027000+00:00,682.743,34.002,29.122,20.522,0.07017,0.0806,-0.082014,5.83,94.17,NORMAL,temperature,,Operating condition is consistent with the learned baseline; no feature deviates materially.,,0.0
88,S012,11,1788716485527,1788716495527,2026-09-06T17:41:25.527000+00:00,685.243,33.976,29.128,20.517,0.06984,0.0806,-0.083142,10.71,89.29,NORMAL,vibration,,Operating condition is consistent with the learned baseline; no feature deviates materially.,acceleration_z_range,2.91
89,S012,11,1788716488027,1788716498027,2026-09-06T17:41:28.027000+00:00,687.743,33.962,29.135,20.497,0.06833,0.08,-0.090867,5.09,94.91,NORMAL,temperature,,Operating condition is consistent with the learned baseline; no feature deviates materially.,acceleration_z_range,2.91
90,S013,12,1788716507028,1788716517028,2026-09-06T17:41:47.028000+00:00,706.744,34.071,29.147,20.518,0.06871,0.0816,-0.092152,4.66,95.34,NORMAL,vibration,,Operating condition is consistent with the learned baseline; no feature deviates materially.,vib_crest_sensor_std,-3.06
91,S013,12,1788716509528,1788716519528,2026-09-06T17:41:49.528000+00:00,709.244,34.11,29.152,20.528,0.06821,0.0816,-0.082316,8.06,91.94,NORMAL,vibration,,Operating condition is consistent with the learned baseline; no feature deviates materially.,,0.0
92,S014,13,1788716530529,1788716540529,2026-09-06T17:42:10.529000+00:00,730.245,34.168,29.172,20.544,0.06884,0.0833,-0.097885,6.34,93.66,NORMAL,vibration,vibration_variability_elevated,Overall condition is within the normal band. The only feature outside the usual spread: vibration is fluctuating more than the baseline.,vib_kurt_sensor_std,2.8
93,S014,13,1788716533029,1788716543029,2026-09-06T17:42:13.029000+00:00,732.745,34.164,29.18,20.53,0.07145,0.0833,-0.099847,4.14,95.86,NORMAL,vibration,,Operating condition is consistent with the learned baseline; no feature deviates materially.,vib_rms_median,3.09
94,S014,13,1788716535529,1788716545529,2026-09-06T17:42:15.529000+00:00,735.245,34.085,29.181,20.539,0.07064,0.0833,-0.072557,28.27,71.73,NORMAL,temperature,multiple_sensors_deviating,Operating condition is consistent with the learned baseline; no feature deviates materially.,temp_slope_per_s,-2.92
95,S014,13,1788716538029,1788716548029,2026-09-06T17:42:18.029000+00:00,737.745,34.03,29.18,20.536,0.07197,0.081,-0.059275,25.31,74.69,NORMAL,rpm,,Operating condition is consistent with the learned baseline; no feature deviates materially.,vib_rms_p75,3.24
96,S014,13,1788716540529,1788716550529,2026-09-06T17:42:20.529000+00:00,740.245,34.055,29.182,20.571,0.07168,0.081,-0.026377,72.74,27.26,WARNING,rpm,rpm_increasing|multiple_sensors_deviating,"Multiple sensor indicators changed simultaneously: Drive speed is trending up within the window. Possible mechanical or thermal abnormality -- inspect before drawing a conclusion. This is a statistical deviation from the learned baseline, not a diagnosed fault.",rpm_max,4.05
97,S014,13,1788716543029,1788716553029,2026-09-06T17:42:23.029000+00:00,742.745,34.023,29.186,20.564,0.0712,0.081,-0.038835,59.1,40.9,WATCH,rpm,rpm_range_elevated|rpm_instability,The spread between minimum and maximum drive speed is unusually wide; and drive speed is less steady than the baseline.,rpm_range,4.38
98,S015,14,1788716562530,1788716572530,2026-09-06T17:42:42.530000+00:00,762.246,34.137,29.165,20.544,0.07135,0.0873,-0.047177,13.18,86.82,NORMAL,joint,multiple_sensors_deviating,Operating condition is consistent with the learned baseline; no feature deviates materially.,temp_slope_per_s,2.59
99,S015,14,1788716565030,1788716575030,2026-09-06T17:42:45.030000+00:00,764.746,34.176,29.169,20.546,0.07062,0.0873,-0.062168,11.99,88.01,NORMAL,vibration,,Operating condition is consistent with the learned baseline; no feature deviates materially.,vib_crest_sensor_std,2.79
100,S015,14,1788716567530,1788716577530,2026-09-06T17:42:47.530000+00:00,767.246,34.234,29.173,20.541,0.06977,0.0817,-0.091571,5.99,94.01,NORMAL,vibration,,Operating condition is consistent with the learned baseline; no feature deviates materially.,acceleration_y_min,-2.9
101,S015,14,1788716570030,1788716580030,2026-09-06T17:42:50.030000+00:00,769.746,34.249,29.182,20.52,0.06897,0.0802,-0.082756,6.2,93.8,NORMAL,rpm,,Operating condition is consistent with the learned baseline; no feature deviates materially.,acceleration_y_min,-2.9
102,S015,14,1788716572530,1788716582530,2026-09-06T17:42:52.530000+00:00,772.246,34.222,29.185,20.527,0.06906,0.0802,-0.089031,6.19,93.81,NORMAL,vibration,,Operating condition is consistent with the learned baseline; no feature deviates materially.,acceleration_y_min,-2.9
103,S015,14,1788716575030,1788716585030,2026-09-06T17:42:55.030000+00:00,774.746,34.187,29.19,20.516,0.07012,0.0802,-0.083829,8.35,91.65,NORMAL,vibration,,Operating condition is consistent with the learned baseline; no feature deviates materially.,acceleration_y_min,-2.9
104,S015,14,1788716577530,1788716587530,2026-09-06T17:42:57.530000+00:00,777.246,34.164,29.187,20.526,0.07122,0.0793,-0.074094,9.01,90.99,NORMAL,vibration,,Operating condition is consistent with the learned baseline; no feature deviates materially.,vib_rms_min,2.86
105,S015,14,1788716580030,1788716590030,2026-09-06T17:43:00.030000+00:00,779.746,34.079,29.179,20.549,0.0723,0.0802,-0.071158,8.32,91.68,NORMAL,temperature,vibration_above_baseline,Overall condition is within the normal band. The only feature outside the usual spread: average vibration is above the learned baseline.,vib_rms_p75,3.42
106,S017,16,1788716612031,1788716622031,2026-09-06T17:43:32.031000+00:00,811.747,34.107,29.183,20.51,0.06969,0.0804,-0.110613,6.65,93.35,NORMAL,rpm,,Operating condition is consistent with the learned baseline; no feature deviates materially.,,0.0
107,S017,16,1788716614531,1788716624531,2026-09-06T17:43:34.531000+00:00,814.247,34.079,29.18,20.516,0.06996,0.0804,-0.088226,11.68,88.32,NORMAL,temperature,,Operating condition is consistent with the learned baseline; no feature deviates materially.,ambient_slope_per_s,-2.59
108,S017,16,1788716617031,1788716627031,2026-09-06T17:43:37.031000+00:00,816.747,34.077,29.17,20.513,0.0691,0.0802,-0.107976,4.46,95.54,NORMAL,temperature,,Operating condition is consistent with the learned baseline; no feature deviates materially.,,0.0
109,S017,16,1788716619531,1788716629531,2026-09-06T17:43:39.531000+00:00,819.247,34.116,29.167,20.504,0.06924,0.0783,-0.093144,10.62,89.38,NORMAL,temperature,,Operating condition is consistent with the learned baseline; no feature deviates materially.,acceleration_x_mean,-2.92
110,S017,16,1788716622031,1788716632031,2026-09-06T17:43:42.031000+00:00,821.747,34.114,29.161,20.497,0.06946,0.0783,-0.115515,3.24,96.76,NORMAL,rpm,,Operating condition is consistent with the learned baseline; no feature deviates materially.,,0.0
111,S017,16,1788716624531,1788716634531,2026-09-06T17:43:44.531000+00:00,824.247,34.177,29.158,20.48,0.06968,0.0783,-0.099529,5.75,94.25,NORMAL,rpm,,Operating condition is consistent with the learned baseline; no feature deviates materially.,,0.0
112,S017,16,1788716627031,1788716637031,2026-09-06T17:43:47.031000+00:00,826.747,34.189,29.156,20.488,0.07083,0.0783,-0.086384,6.96,93.04,NORMAL,temperature,,Operating condition is consistent with the learned baseline; no feature deviates materially.,vib_rms_p25,2.53
113,S017,16,1788716629531,1788716639531,2026-09-06T17:43:49.531000+00:00,829.247,34.255,29.154,20.498,0.0703,0.0778,-0.075213,23.38,76.62,NORMAL,temperature,,Operating condition is consistent with the learned baseline; no feature deviates materially.,temp_slope_per_s,3.09
114,S017,16,1788716632031,1788716642031,2026-09-06T17:43:52.031000+00:00,831.747,34.312,29.158,20.49,0.07014,0.0778,-0.105395,3.91,96.09,NORMAL,temperature,,Operating condition is consistent with the learned baseline; no feature deviates materially.,,0.0
115,S017,16,1788716634531,1788716644531,2026-09-06T17:43:54.531000+00:00,834.247,34.349,29.164,20.506,0.06975,0.0778,-0.115883,3.91,96.09,NORMAL,rpm,,Operating condition is consistent with the learned baseline; no feature deviates materially.,,0.0
116,S017,16,1788716637031,1788716647031,2026-09-06T17:43:57.031000+00:00,836.747,34.274,29.163,20.5,0.06924,0.0778,-0.108513,4.51,95.49,NORMAL,temperature,,Operating condition is consistent with the learned baseline; no feature deviates materially.,,0.0
117,S017,16,1788716639531,1788716649531,2026-09-06T17:43:59.531000+00:00,839.247,34.298,29.165,20.498,0.06941,0.0754,-0.096074,8.77,91.23,NORMAL,rpm,,Operating condition is consistent with the learned baseline; no feature deviates materially.,,0.0
118,S017,16,1788716642031,1788716652031,2026-09-06T17:44:02.031000+00:00,841.747,34.322,29.166,20.497,0.06951,0.0745,-0.102758,5.42,94.58,NORMAL,rpm,,Operating condition is consistent with the learned baseline; no feature deviates materially.,,0.0
119,S017,16,1788716644531,1788716654531,2026-09-06T17:44:04.531000+00:00,844.247,34.371,29.17,20.501,0.06994,0.0799,-0.090062,5.7,94.3,NORMAL,rpm,,Operating condition is consistent with the learned baseline; no feature deviates materially.,,0.0
120,S017,16,1788716647031,1788716657031,2026-09-06T17:44:07.031000+00:00,846.747,34.405,29.178,20.509,0.06967,0.0799,-0.051927,16.05,83.95,NORMAL,rpm,rpm_range_elevated|multiple_sensors_deviating,Overall condition is within the normal band. The only feature outside the usual spread: the spread between minimum and maximum drive speed is unusually wide.,rpm_range,3.04
121,S017,16,1788716649531,1788716659531,2026-09-06T17:44:09.531000+00:00,849.247,34.393,29.181,20.491,0.0703,0.0799,-0.071962,32.26,67.74,NORMAL,rpm,rpm_range_elevated|rpm_instability,Overall condition is within the normal band. The only features outside the usual spread: the spread between minimum and maximum drive speed is unusually wide; and drive speed is less steady than the baseline.,rpm_range,3.04
122,S018,17,1788716659913,1788716669913,2026-09-06T17:44:19.913000+00:00,859.629,34.361,29.2,20.501,0.07101,0.0828,-0.094587,10.7,89.3,NORMAL,rpm,,Operating condition is consistent with the learned baseline; no feature deviates materially.,,0.0
123,S018,17,1788716662413,1788716672413,2026-09-06T17:44:22.413000+00:00,862.129,34.407,29.203,20.484,0.0708,0.083,-0.095692,5.92,94.08,NORMAL,rpm,,Operating condition is consistent with the learned baseline; no feature deviates materially.,,0.0
124,S018,17,1788716664913,1788716674913,2026-09-06T17:44:24.913000+00:00,864.629,34.427,29.208,20.488,0.07056,0.083,-0.077229,7.81,92.19,NORMAL,vibration,,Operating condition is consistent with the learned baseline; no feature deviates materially.,acceleration_y_mean,3.55
125,S019,18,1788716685534,1788716695534,2026-09-06T17:44:45.534000+00:00,885.25,34.419,29.243,20.528,0.07062,0.0832,-0.067553,10.83,89.17,NORMAL,vibration,,Operating condition is consistent with the learned baseline; no feature deviates materially.,acceleration_x_mean,-5.99
126,S019,18,1788716688034,1788716698034,2026-09-06T17:44:48.034000+00:00,887.75,34.505,29.247,20.517,0.07126,0.0832,-0.071935,8.29,91.71,NORMAL,vibration,,Operating condition is consistent with the learned baseline; no feature deviates materially.,acceleration_x_mean,-6.15
127,S019,18,1788716690534,1788716700534,2026-09-06T17:44:50.534000+00:00,890.25,34.508,29.25,20.521,0.07051,0.0767,-0.087595,6.75,93.25,NORMAL,vibration,,Operating condition is consistent with the learned baseline; no feature deviates materially.,acceleration_x_mean,-2.99
128,S019,18,1788716693034,1788716703034,2026-09-06T17:44:53.034000+00:00,892.75,34.557,29.255,20.507,0.06951,0.0761,-0.09973,4.95,95.05,NORMAL,rpm,,Operating condition is consistent with the learned baseline; no feature deviates materially.,,0.0
129,S019,18,1788716695534,1788716705534,2026-09-06T17:44:55.534000+00:00,895.25,34.539,29.266,20.503,0.06874,0.0761,-0.094562,5.04,94.96,NORMAL,rpm,,Operating condition is consistent with the learned baseline; no feature deviates materially.,acceleration_x_mean,2.79
130,S019,18,1788716698034,1788716708034,2026-09-06T17:44:58.034000+00:00,897.75,34.568,29.277,20.49,0.06853,0.0763,-0.078695,8.3,91.7,NORMAL,temperature,,Operating condition is consistent with the learned baseline; no feature deviates materially.,,0.0
131,S020,19,1788716717535,1788716727535,2026-09-06T17:45:17.535000+00:00,917.251,34.797,29.361,20.522,0.06777,0.0781,-0.072301,11.0,89.0,NORMAL,rpm,,Operating condition is consistent with the learned baseline; no feature deviates materially.,acceleration_x_mean,2.52
132,S020,19,1788716720035,1788716730035,2026-09-06T17:45:20.035000+00:00,919.751,34.684,29.373,20.549,0.06815,0.0829,-0.082611,10.12,89.88,NORMAL,temperature,,Operating condition is consistent with the learned baseline; no feature deviates materially.,acceleration_x_mean,4.48
133,S022,21,1788717369320,1788717379320,2026-09-06T17:56:09.320000+00:00,1569.036,35.756,29.901,20.55,0.06644,0.0771,-0.072476,8.55,91.45,NORMAL,vibration,,Operating condition is consistent with the learned baseline; no feature deviates materially.,acceleration_x_min,-2.66
134,S022,21,1788717371820,1788717381820,2026-09-06T17:56:11.820000+00:00,1571.536,35.697,29.904,20.55,0.06605,0.0771,-0.103083,4.7,95.3,NORMAL,temperature,,Operating condition is consistent with the learned baseline; no feature deviates materially.,,0.0
135,S022,21,1788717374320,1788717384320,2026-09-06T17:56:14.320000+00:00,1574.036,35.664,29.903,20.541,0.06549,0.0771,-0.081083,6.38,93.62,NORMAL,rpm,,Operating condition is consistent with the learned baseline; no feature deviates materially.,,0.0
136,S022,21,1788717376820,1788717386820,2026-09-06T17:56:16.820000+00:00,1576.536,35.697,29.905,20.556,0.06494,0.0756,-0.072236,9.96,90.04,NORMAL,rpm,,Operating condition is consistent with the learned baseline; no feature deviates materially.,,0.0
137,S022,21,1788717379320,1788717389320,2026-09-06T17:56:19.320000+00:00,1579.036,35.712,29.905,20.541,0.06538,0.0756,-0.083819,7.21,92.79,NORMAL,rpm,,Operating condition is consistent with the learned baseline; no feature deviates materially.,acceleration_x_mean,3.29
138,S023,22,1788717401309,1788717411309,2026-09-06T17:56:41.309000+00:00,1601.025,35.829,29.923,20.551,0.06832,0.0849,-0.033286,26.93,73.07,NORMAL,vibration,multiple_sensors_deviating,Operating condition is consistent with the learned baseline; no feature deviates materially.,acceleration_x_mean,-5.65
139,S026,25,1788717441317,1788717451317,2026-09-06T17:57:21.317000+00:00,1641.033,35.82,29.982,20.537,0.06632,0.0824,-0.096382,10.51,89.49,NORMAL,temperature,,Operating condition is consistent with the learned baseline; no feature deviates materially.,,0.0
140,S026,25,1788717443817,1788717453817,2026-09-06T17:57:23.817000+00:00,1643.533,35.789,29.975,20.543,0.06651,0.0824,-0.088546,9.78,90.22,NORMAL,temperature,,Operating condition is consistent with the learned baseline; no feature deviates materially.,,0.0
141,S026,25,1788717446317,1788717456317,2026-09-06T17:57:26.317000+00:00,1646.033,35.778,29.971,20.545,0.06624,0.0824,-0.079215,6.84,93.16,NORMAL,temperature,,Operating condition is consistent with the learned baseline; no feature deviates materially.,,0.0
142,S026,25,1788717448817,1788717458817,2026-09-06T17:57:28.817000+00:00,1648.533,35.856,29.974,20.542,0.06806,0.0824,-0.092712,5.0,95.0,NORMAL,temperature,,Operating condition is consistent with the learned baseline; no feature deviates materially.,,0.0
143,S026,25,1788717451317,1788717461317,2026-09-06T17:57:31.317000+00:00,1651.033,35.839,29.97,20.541,0.06731,0.0796,-0.052729,14.22,85.78,NORMAL,vibration,,Operating condition is consistent with the learned baseline; no feature deviates materially.,,0.0
144,S026,25,1788717453817,1788717463817,2026-09-06T17:57:33.817000+00:00,1653.533,35.803,29.97,20.525,0.06681,0.0796,-0.086554,8.16,91.84,NORMAL,temperature,,Operating condition is consistent with the learned baseline; no feature deviates materially.,,0.0
145,S026,25,1788717456317,1788717466317,2026-09-06T17:57:36.317000+00:00,1656.033,35.746,29.965,20.537,0.06694,0.0796,-0.0838,8.11,91.89,NORMAL,temperature,,Operating condition is consistent with the learned baseline; no feature deviates materially.,ambient_slope_per_s,-2.55
146,S026,25,1788717458817,1788717468817,2026-09-06T17:57:38.817000+00:00,1658.533,35.71,29.955,20.526,0.06542,0.0729,-0.05543,11.13,88.87,NORMAL,vibration,,Operating condition is consistent with the learned baseline; no feature deviates materially.,ambient_slope_per_s,-2.78
147,S026,25,1788717461317,1788717471317,2026-09-06T17:57:41.317000+00:00,1661.033,35.723,29.943,20.517,0.06538,0.0739,-0.060252,12.44,87.56,NORMAL,vibration,,Operating condition is consistent with the learned baseline; no feature deviates materially.,ambient_slope_per_s,-3.18
148,S027,26,1788717475885,1788717485885,2026-09-06T17:57:55.885000+00:00,1675.601,35.711,29.919,20.53,0.0669,0.0783,-0.110806,4.73,95.27,NORMAL,temperature,,Operating condition is consistent with the learned baseline; no feature deviates materially.,,0.0
149,S030,29,1788717493395,1788717503395,2026-09-06T17:58:13.395000+00:00,1693.111,35.921,29.891,20.523,0.06613,0.0741,-0.106936,7.35,92.65,NORMAL,temperature,,Operating condition is consistent with the learned baseline; no feature deviates materially.,,0.0
150,S030,29,1788717495895,1788717505895,2026-09-06T17:58:15.895000+00:00,1695.611,36.106,29.897,20.533,0.06594,0.0741,-0.088619,18.29,81.71,NORMAL,temperature,temperature_swing_elevated,Overall condition is within the normal band. The only feature outside the usual spread: temperature swung more within the window than the baseline.,temp_range,2.61
151,S030,29,1788717498395,1788717508395,2026-09-06T17:58:18.395000+00:00,1698.111,36.157,29.91,20.543,0.06628,0.074,-0.072144,46.59,53.41,WATCH,temperature,temperature_swing_elevated,Temperature swung more within the window than the baseline.,temp_slope_per_s,3.16
152,S030,29,1788717500895,1788717510895,2026-09-06T17:58:20.895000+00:00,1700.611,36.255,29.935,20.537,0.06638,0.0746,-0.058362,31.49,68.51,NORMAL,temperature,,Operating condition is consistent with the learned baseline; no feature deviates materially.,ambient_std,4.95
153,S030,29,1788717503395,1788717513395,2026-09-06T17:58:23.395000+00:00,1703.111,36.259,29.953,20.547,0.06597,0.0746,-0.04712,46.99,53.01,WATCH,temperature,,"Window scored as WATCH by the model, but no single feature exceeds the reporting threshold -- the deviation is spread across many features rather than concentrated in one.",ambient_slope_per_s,3.84
154,S030,29,1788717505895,1788717515895,2026-09-06T17:58:25.895000+00:00,1705.611,36.144,29.97,20.542,0.0656,0.0746,-0.068947,8.22,91.78,NORMAL,temperature,,Operating condition is consistent with the learned baseline; no feature deviates materially.,,0.0
155,S030,29,1788717508395,1788717518395,2026-09-06T17:58:28.395000+00:00,1708.111,36.107,29.975,20.544,0.06536,0.0746,-0.065537,9.32,90.68,NORMAL,vibration,,Operating condition is consistent with the learned baseline; no feature deviates materially.,,0.0
156,S030,29,1788717510895,1788717520895,2026-09-06T17:58:30.895000+00:00,1710.611,36.071,29.98,20.532,0.06602,0.0796,-0.09539,6.83,93.17,NORMAL,temperature,,Operating condition is consistent with the learned baseline; no feature deviates materially.,,0.0
157,S030,29,1788717513395,1788717523395,2026-09-06T17:58:33.395000+00:00,1713.111,36.051,29.983,20.524,0.06627,0.0796,-0.078222,16.44,83.56,NORMAL,rpm,rpm_range_elevated,Overall condition is within the normal band. The only feature outside the usual spread: the spread between minimum and maximum drive speed is unusually wide.,rpm_max,2.7
158,S030,29,1788717515895,1788717525895,2026-09-06T17:58:35.895000+00:00,1715.611,36.069,29.999,20.546,0.06623,0.0796,-0.08865,20.22,79.78,NORMAL,rpm,rpm_range_elevated|rpm_instability,Overall condition is within the normal band. The only features outside the usual spread: the spread between minimum and maximum drive speed is unusually wide; and drive speed is less steady than the baseline.,rpm_max,2.7
159,S034,33,1788717557420,1788717567420,2026-09-06T17:59:17.420000+00:00,1757.136,36.14,30.066,20.526,0.06764,0.0843,-0.014521,36.86,63.14,WATCH,rpm,rpm_range_elevated|rpm_instability,The spread between minimum and maximum drive speed is unusually wide; and drive speed is less steady than the baseline.,rpm_range,4.05
160,S038,37,1788717627451,1788717637451,2026-09-06T18:00:27.451000+00:00,1827.167,36.201,30.214,20.56,0.06714,0.0757,-0.080169,8.6,91.4,NORMAL,rpm,,Operating condition is consistent with the learned baseline; no feature deviates materially.,,0.0
161,S038,37,1788717629951,1788717639951,2026-09-06T18:00:29.951000+00:00,1829.667,36.145,30.217,20.545,0.06782,0.0793,-0.10289,7.94,92.06,NORMAL,rpm,,Operating condition is consistent with the learned baseline; no feature deviates materially.,,0.0
162,S043,42,1788717691316,1788717701316,2026-09-06T18:01:31.316000+00:00,1891.032,36.079,30.211,20.522,0.06787,0.0773,-0.086226,18.47,81.53,NORMAL,temperature,,Operating condition is consistent with the learned baseline; no feature deviates materially.,temp_slope_per_s,-2.6
163,S043,42,1788717693816,1788717703816,2026-09-06T18:01:33.816000+00:00,1893.532,36.035,30.195,20.54,0.06614,0.0773,-0.105244,10.09,89.91,NORMAL,temperature,,Operating condition is consistent with the learned baseline; no feature deviates materially.,ambient_slope_per_s,-3.3
164,S045,44,1788717731496,1788717741496,2026-09-06T18:02:11.496000+00:00,1931.212,36.219,30.225,20.559,0.06868,0.0817,-0.112266,5.08,94.92,NORMAL,temperature,,Operating condition is consistent with the learned baseline; no feature deviates materially.,,0.0
165,S045,44,1788717733996,1788717743996,2026-09-06T18:02:13.996000+00:00,1933.712,36.228,30.222,20.557,0.06806,0.0781,-0.099438,5.83,94.17,NORMAL,rpm,,Operating condition is consistent with the learned baseline; no feature deviates materially.,,0.0
166,S045,44,1788717736496,1788717746496,2026-09-06T18:02:16.496000+00:00,1936.212,36.184,30.221,20.571,0.06779,0.0781,-0.10914,6.39,93.61,NORMAL,rpm,,Operating condition is consistent with the learned baseline; no feature deviates materially.,,0.0
167,S045,44,1788717738996,1788717748996,2026-09-06T18:02:18.996000+00:00,1938.712,36.226,30.22,20.57,0.06756,0.0781,-0.092728,20.0,80.0,NORMAL,rpm,,Operating condition is consistent with the learned baseline; no feature deviates materially.,,0.0
168,S045,44,1788717741496,1788717751496,2026-09-06T18:02:21.496000+00:00,1941.212,36.164,30.205,20.567,0.06735,0.0759,-0.083425,12.83,87.17,NORMAL,rpm,,Operating condition is consistent with the learned baseline; no feature deviates materially.,ambient_slope_per_s,-3.45
169,S045,44,1788717743996,1788717753996,2026-09-06T18:02:23.996000+00:00,1943.712,36.113,30.197,20.551,0.06764,0.076,-0.09321,7.51,92.49,NORMAL,temperature,,Operating condition is consistent with the learned baseline; no feature deviates materially.,ambient_slope_per_s,-3.28
170,S045,44,1788717746496,1788717756496,2026-09-06T18:02:26.496000+00:00,1946.212,36.059,30.182,20.553,0.06788,0.0806,-0.079066,14.49,85.51,NORMAL,temperature,,Operating condition is consistent with the learned baseline; no feature deviates materially.,ambient_std,2.65
171,S045,44,1788717748996,1788717758996,2026-09-06T18:02:28.996000+00:00,1948.712,36.026,30.171,20.558,0.06806,0.0806,-0.091311,5.39,94.61,NORMAL,vibration,,Operating condition is consistent with the learned baseline; no feature deviates materially.,,0.0
172,S045,44,1788717751496,1788717761496,2026-09-06T18:02:31.496000+00:00,1951.212,36.167,30.173,20.539,0.06786,0.0806,-0.086752,7.22,92.78,NORMAL,temperature,,Operating condition is consistent with the learned baseline; no feature deviates materially.,acceleration_y_min,-2.83
173,S045,44,1788717753996,1788717763996,2026-09-06T18:02:33.996000+00:00,1953.712,36.181,30.172,20.559,0.06827,0.0876,-0.067273,8.83,91.17,NORMAL,vibration,,Operating condition is consistent with the learned baseline; no feature deviates materially.,vib_rms_kurtosis,5.31
174,S045,44,1788717756496,1788717766496,2026-09-06T18:02:36.496000+00:00,1956.212,36.278,30.17,20.557,0.06728,0.0876,-0.061878,10.47,89.53,NORMAL,vibration,,Operating condition is consistent with the learned baseline; no feature deviates materially.,vib_rms_kurtosis,9.24
175,S045,44,1788717758996,1788717768996,2026-09-06T18:02:38.996000+00:00,1958.712,36.28,30.175,20.558,0.06653,0.0876,-0.046044,16.52,83.48,NORMAL,vibration,,Operating condition is consistent with the learned baseline; no feature deviates materially.,vib_rms_kurtosis,8.41
176,S045,44,1788717761496,1788717771496,2026-09-06T18:02:41.496000+00:00,1961.212,36.267,30.179,20.565,0.06732,0.0876,-0.057389,9.97,90.03,NORMAL,vibration,,Operating condition is consistent with the learned baseline; no feature deviates materially.,vib_rms_kurtosis,4.63
177,S049,48,1788717805533,1788717815533,2026-09-06T18:03:25.533000+00:00,2005.249,36.285,30.256,20.522,0.06761,0.0776,-0.082433,11.68,88.32,NORMAL,rpm,,Operating condition is consistent with the learned baseline; no feature deviates materially.,,0.0
178,S049,48,1788717808033,1788717818033,2026-09-06T18:03:28.033000+00:00,2007.749,36.213,30.254,20.548,0.06594,0.0774,-0.066554,8.45,91.55,NORMAL,temperature,,Operating condition is consistent with the learned baseline; no feature deviates materially.,,0.0
179,S051,50,1788717845555,1788717855555,2026-09-06T18:04:05.555000+00:00,2045.271,36.315,30.23,20.514,0.06574,0.071,-0.087358,6.98,93.02,NORMAL,temperature,,Operating condition is consistent with the learned baseline; no feature deviates materially.,,0.0
180,S051,50,1788717848055,1788717858055,2026-09-06T18:04:08.055000+00:00,2047.771,36.378,30.234,20.522,0.06592,0.0771,-0.087467,4.95,95.05,NORMAL,rpm,,Operating condition is consistent with the learned baseline; no feature deviates materially.,acceleration_z_std,-2.7
181,S051,50,1788717850555,1788717860555,2026-09-06T18:04:10.555000+00:00,2050.271,36.414,30.237,20.522,0.0664,0.0771,-0.10076,4.22,95.78,NORMAL,temperature,,Operating condition is consistent with the learned baseline; no feature deviates materially.,,0.0
182,S053,52,1788717873571,1788717883571,2026-09-06T18:04:33.571000+00:00,2073.287,36.47,30.246,20.516,0.06679,0.0788,-0.069215,10.6,89.4,NORMAL,temperature,,Operating condition is consistent with the learned baseline; no feature deviates materially.,acceleration_x_mean,-3.55
183,S053,52,1788717876071,1788717886071,2026-09-06T18:04:36.071000+00:00,2075.787,36.455,30.253,20.491,0.06524,0.0788,-0.07152,7.96,92.04,NORMAL,temperature,,Operating condition is consistent with the learned baseline; no feature deviates materially.,acceleration_x_mean,4.38
184,S053,52,1788717878571,1788717888571,2026-09-06T18:04:38.571000+00:00,2078.287,36.494,30.256,20.482,0.06522,0.0749,-0.047163,14.13,85.87,NORMAL,vibration,,Operating condition is consistent with the learned baseline; no feature deviates materially.,acceleration_x_mean,11.26
185,S053,52,1788717881071,1788717891071,2026-09-06T18:04:41.071000+00:00,2080.787,36.475,30.26,20.48,0.0661,0.0782,-0.006324,51.68,48.32,WATCH,vibration,orientation_shift,"The static acceleration vector has shifted, which can indicate a mounting change.",acceleration_x_mean,12.81
186,S054,53,1788717893579,1788717903579,2026-09-06T18:04:53.579000+00:00,2093.295,36.54,30.283,20.524,0.06945,0.1311,0.18864,99.79,0.21,CRITICAL,vibration,vibration_crest_elevated|vibration_range_elevated|vibration_peak_above_baseline|vibration_variability_elevated,"Vibration crest factor peaked above the baseline; the spread between minimum and maximum vibration is unusually wide; peak vibration in the window is above the learned baseline; and vibration is fluctuating more than the baseline. Possible mechanical or thermal abnormality -- inspect before drawing a conclusion. This is a statistical deviation from the learned baseline, not a diagnosed fault.",vib_kurt_sensor_std,147.12
187,S057,56,1788717919595,1788717929595,2026-09-06T18:05:19.595000+00:00,2119.311,36.358,30.282,20.527,0.06792,0.0779,-0.076301,7.73,92.27,NORMAL,rpm,,Operating condition is consistent with the learned baseline; no feature deviates materially.,acceleration_z_range,2.53
188,S058,57,1788717931337,1788717941337,2026-09-06T18:05:31.337000+00:00,2131.053,36.618,30.304,20.515,0.06796,0.0817,-0.082381,4.87,95.13,NORMAL,joint,,Operating condition is consistent with the learned baseline; no feature deviates materially.,,0.0
189,S058,57,1788717933837,1788717943837,2026-09-06T18:05:33.837000+00:00,2133.553,36.632,30.312,20.534,0.06817,0.0805,-0.093991,4.07,95.93,NORMAL,temperature,,Operating condition is consistent with the learned baseline; no feature deviates materially.,,0.0
190,S058,57,1788717936337,1788717946337,2026-09-06T18:05:36.337000+00:00,2136.053,36.645,30.318,20.528,0.06957,0.0805,-0.093241,5.54,94.46,NORMAL,temperature,,Operating condition is consistent with the learned baseline; no feature deviates materially.,vib_crest_sensor_std,2.67
191,S058,57,1788717938837,1788717948837,2026-09-06T18:05:38.837000+00:00,2138.553,36.568,30.322,20.538,0.06914,0.0789,-0.089419,4.66,95.34,NORMAL,rpm,,Operating condition is consistent with the learned baseline; no feature deviates materially.,,0.0
192,S058,57,1788717941337,1788717951337,2026-09-06T18:05:41.337000+00:00,2141.053,36.543,30.324,20.532,0.06954,0.0797,-0.100745,3.26,96.74,NORMAL,rpm,,Operating condition is consistent with the learned baseline; no feature deviates materially.,,0.0
193,S058,57,1788717943837,1788717953837,2026-09-06T18:05:43.837000+00:00,2143.553,36.489,30.329,20.538,0.06908,0.0797,-0.113798,3.75,96.25,NORMAL,temperature,,Operating condition is consistent with the learned baseline; no feature deviates materially.,,0.0
194,S058,57,1788717946337,1788717956337,2026-09-06T18:05:46.337000+00:00,2146.053,36.543,30.329,20.528,0.06817,0.0797,-0.120804,3.67,96.33,NORMAL,temperature,,Operating condition is consistent with the learned baseline; no feature deviates materially.,,0.0
195,S058,57,1788717948837,1788717958837,2026-09-06T18:05:48.837000+00:00,2148.553,36.554,30.332,20.529,0.06872,0.0797,-0.10928,5.2,94.8,NORMAL,temperature,,Operating condition is consistent with the learned baseline; no feature deviates materially.,,0.0
196,S058,57,1788717951337,1788717961337,2026-09-06T18:05:51.337000+00:00,2151.053,36.631,30.337,20.546,0.06881,0.0826,-0.097282,6.79,93.21,NORMAL,temperature,,Operating condition is consistent with the learned baseline; no feature deviates materially.,acceleration_x_mean,-2.53
197,S058,57,1788717953837,1788717963837,2026-09-06T18:05:53.837000+00:00,2153.553,36.659,30.343,20.538,0.06802,0.0826,-0.112921,3.5,96.5,NORMAL,temperature,,Operating condition is consistent with the learned baseline; no feature deviates materially.,,0.0
198,S058,57,1788717956337,1788717966337,2026-09-06T18:05:56.337000+00:00,2156.053,36.681,30.35,20.544,0.06895,0.0826,-0.102765,3.52,96.48,NORMAL,temperature,,Operating condition is consistent with the learned baseline; no feature deviates materially.,,0.0
199,S058,57,1788717958837,1788717968837,2026-09-06T18:05:58.837000+00:00,2158.553,36.688,30.357,20.529,0.06782,0.0826,-0.096828,5.31,94.69,NORMAL,rpm,,Operating condition is consistent with the learned baseline; no feature deviates materially.,vib_rms_kurtosis,2.57
200,S058,57,1788717961337,1788717971337,2026-09-06T18:06:01.337000+00:00,2161.053,36.645,30.362,20.532,0.06713,0.0767,-0.105849,8.45,91.55,NORMAL,temperature,,Operating condition is consistent with the learned baseline; no feature deviates materially.,,0.0
201,S059,58,1788717986120,1788717996120,2026-09-06T18:06:26.120000+00:00,2185.836,36.66,30.367,20.522,0.06827,0.088,-0.057616,9.91,90.09,NORMAL,joint,vibration_range_elevated,Overall condition is within the normal band. The only feature outside the usual spread: the spread between minimum and maximum vibration is unusually wide.,vib_rms_crest_factor,2.8
202,S069,68,1788718095671,1788718105671,2026-09-06T18:08:15.671000+00:00,2295.387,36.644,30.273,20.517,0.06682,0.0785,-0.044125,25.71,74.29,NORMAL,vibration,vibration_crest_elevated,Overall condition is within the normal band. The only feature outside the usual spread: vibration crest factor peaked above the baseline.,acceleration_x_mean,6.62
203,S071,70,1788718109679,1788718119679,2026-09-06T18:08:29.679000+00:00,2309.395,37.071,30.321,20.544,0.06697,0.0786,-0.05508,50.12,49.88,WATCH,temperature,,"Window scored as WATCH by the model, but no single feature exceeds the reporting threshold -- the deviation is spread across many features rather than concentrated in one.",acceleration_z_range,3.88
204,S071,70,1788718112179,1788718122179,2026-09-06T18:08:32.179000+00:00,2311.895,36.829,30.331,20.555,0.06688,0.0813,-0.056507,28.52,71.48,NORMAL,temperature,multiple_sensors_deviating,Operating condition is consistent with the learned baseline; no feature deviates materially.,vib_rms_kurtosis,3.1
205,S071,70,1788718114679,1788718124679,2026-09-06T18:08:34.679000+00:00,2314.395,36.763,30.332,20.539,0.06703,0.0813,-0.075012,10.34,89.66,NORMAL,temperature,,Operating condition is consistent with the learned baseline; no feature deviates materially.,vib_rms_kurtosis,2.85
206,S071,70,1788718117179,1788718127179,2026-09-06T18:08:37.179000+00:00,2316.895,36.688,30.332,20.528,0.0668,0.0813,-0.082119,6.5,93.5,NORMAL,rpm,,Operating condition is consistent with the learned baseline; no feature deviates materially.,vib_rms_kurtosis,6.25
207,S071,70,1788718119679,1788718129679,2026-09-06T18:08:39.679000+00:00,2319.395,36.721,30.335,20.523,0.06732,0.0813,-0.070624,20.84,79.16,NORMAL,temperature,multiple_sensors_deviating,Operating condition is consistent with the learned baseline; no feature deviates materially.,vib_rms_kurtosis,3.16
208,S071,70,1788718122179,1788718132179,2026-09-06T18:08:42.179000+00:00,2321.895,36.91,30.359,20.524,0.06732,0.081,-0.057836,19.38,80.62,NORMAL,temperature,multiple_sensors_deviating,Operating condition is consistent with the learned baseline; no feature deviates materially.,acceleration_y_min,-3.44
209,S071,70,1788718124679,1788718134679,2026-09-06T18:08:44.679000+00:00,2324.395,36.976,30.375,20.52,0.06788,0.081,-0.05722,27.0,73.0,NORMAL,temperature,multiple_sensors_deviating,Operating condition is consistent with the learned baseline; no feature deviates materially.,ambient_slope_per_s,3.68
210,S071,70,1788718127179,1788718137179,2026-09-06T18:08:47.179000+00:00,2326.895,36.95,30.394,20.538,0.0679,0.081,-0.024253,49.62,50.38,WATCH,temperature,multiple_sensors_deviating,"Window scored as WATCH by the model, but no single feature exceeds the reporting threshold -- the deviation is spread across many features rather than concentrated in one.",acceleration_y_min,-3.44
211,S071,70,1788718129679,1788718139679,2026-09-06T18:08:49.679000+00:00,2329.395,36.856,30.402,20.55,0.06751,0.081,-0.048834,19.91,80.09,NORMAL,temperature,multiple_sensors_deviating,Operating condition is consistent with the learned baseline; no feature deviates materially.,acceleration_y_min,-3.44
212,S071,70,1788718132179,1788718142179,2026-09-06T18:08:52.179000+00:00,2331.895,36.523,30.389,20.559,0.06802,0.0804,-0.0179,84.15,15.85,WARNING,temperature,temperature_swing_elevated|multiple_sensors_deviating,"Multiple sensor indicators changed simultaneously: Temperature swung more within the window than the baseline. Possible mechanical or thermal abnormality -- inspect before drawing a conclusion. This is a statistical deviation from the learned baseline, not a diagnosed fault.",temp_slope_per_s,-5.0
213,S071,70,1788718134679,1788718144679,2026-09-06T18:08:54.679000+00:00,2334.395,36.415,30.372,20.569,0.06734,0.0804,-0.07089,25.22,74.78,NORMAL,temperature,multiple_sensors_deviating,Operating condition is consistent with the learned baseline; no feature deviates materially.,ambient_slope_per_s,-4.96
214,S071,70,1788718137179,1788718147179,2026-09-06T18:08:57.179000+00:00,2336.895,36.463,30.351,20.552,0.06702,0.0804,-0.077597,23.26,76.74,NORMAL,temperature,,Operating condition is consistent with the learned baseline; no feature deviates materially.,ambient_slope_per_s,-3.41
215,S071,70,1788718139679,1788718149679,2026-09-06T18:08:59.679000+00:00,2339.395,36.457,30.343,20.551,0.0675,0.0818,-0.07596,30.49,69.51,NORMAL,temperature,,Operating condition is consistent with the learned baseline; no feature deviates materially.,temp_std,3.02
216,S071,70,1788718142179,1788718152179,2026-09-06T18:09:02.179000+00:00,2341.895,36.674,30.337,20.535,0.0658,0.0818,-0.091503,8.71,91.29,NORMAL,temperature,,Operating condition is consistent with the learned baseline; no feature deviates materially.,,0.0
217,S071,70,1788718144679,1788718154679,2026-09-06T18:09:04.679000+00:00,2344.395,36.678,30.338,20.536,0.06591,0.0818,-0.094017,4.68,95.32,NORMAL,temperature,,Operating condition is consistent with the learned baseline; no feature deviates materially.,acceleration_x_mean,2.64
218,S074,73,1788718165703,1788718175703,2026-09-06T18:09:25.703000+00:00,2365.419,36.586,30.3,20.524,0.06352,0.0737,-0.044171,14.28,85.72,NORMAL,joint,,Operating condition is consistent with the learned baseline; no feature deviates materially.,acceleration_x_mean,3.74
219,S074,73,1788718168203,1788718178203,2026-09-06T18:09:28.203000+00:00,2367.919,36.669,30.297,20.532,0.06454,0.0752,-0.021087,28.71,71.29,NORMAL,vibration,,Operating condition is consistent with the learned baseline; no feature deviates materially.,acceleration_x_mean,8.16
220,S074,73,1788718170703,1788718180703,2026-09-06T18:09:30.703000+00:00,2370.419,36.708,30.301,20.55,0.0655,0.0752,-0.068919,7.2,92.8,NORMAL,joint,,Operating condition is consistent with the learned baseline; no feature deviates materially.,acceleration_x_mean,5.86
221,S074,73,1788718173203,1788718183203,2026-09-06T18:09:33.203000+00:00,2372.919,36.73,30.303,20.554,0.06585,0.0752,-0.068742,15.07,84.93,NORMAL,rpm,,Operating condition is consistent with the learned baseline; no feature deviates materially.,,0.0
222,S074,73,1788718175703,1788718185703,2026-09-06T18:09:35.703000+00:00,2375.419,36.749,30.301,20.569,0.06602,0.0752,-0.095099,9.52,90.48,NORMAL,rpm,,Operating condition is consistent with the learned baseline; no feature deviates materially.,acceleration_x_mean,-3.46
223,S076,75,1788718203734,1788718213734,2026-09-06T18:10:03.734000+00:00,2403.45,36.803,30.309,20.524,0.06629,0.0735,-0.08108,7.53,92.47,NORMAL,temperature,,Operating condition is consistent with the learned baseline; no feature deviates materially.,,0.0
224,S076,75,1788718206234,1788718216234,2026-09-06T18:10:06.234000+00:00,2405.95,36.768,30.304,20.515,0.0658,0.0757,-0.081426,8.08,91.92,NORMAL,temperature,,Operating condition is consistent with the learned baseline; no feature deviates materially.,,0.0
