fault_class,severity,n,median_anomaly_score,pct_flagged_watch,pct_flagged_warning
NORMAL,0.0,225,8.8,10.2,2.2
BELT_SLIP,0.15,450,65.9,100.0,68.9
BELT_SLIP,0.3,450,78.1,100.0,100.0
BELT_SLIP,0.5,450,87.2,100.0,100.0
BELT_SLIP,0.75,450,94.1,100.0,100.0
BELT_SLIP,1.0,450,96.8,100.0,100.0
HIGH_VIBRATION,0.15,450,66.4,92.9,61.3
HIGH_VIBRATION,0.3,450,90.8,100.0,99.3
HIGH_VIBRATION,0.5,450,95.8,100.0,100.0
HIGH_VIBRATION,0.75,450,97.5,100.0,100.0
HIGH_VIBRATION,1.0,450,98.1,100.0,100.0
OVERHEATING,0.15,450,15.6,13.3,3.1
OVERHEATING,0.3,450,23.4,21.6,4.9
OVERHEATING,0.5,450,32.6,45.6,8.0
OVERHEATING,0.75,450,49.3,76.4,23.6
OVERHEATING,1.0,450,60.8,92.7,50.4
RPM_INSTABILITY,0.15,450,70.2,99.6,93.6
RPM_INSTABILITY,0.3,450,75.1,100.0,100.0
RPM_INSTABILITY,0.5,450,76.9,100.0,100.0
RPM_INSTABILITY,0.75,450,79.8,100.0,100.0
RPM_INSTABILITY,1.0,450,84.5,100.0,100.0
COMBINED_FAULT,0.15,450,66.5,95.6,64.0
COMBINED_FAULT,0.3,450,79.9,100.0,97.3
COMBINED_FAULT,0.5,450,91.8,100.0,100.0
COMBINED_FAULT,0.75,450,95.9,100.0,100.0
COMBINED_FAULT,1.0,450,97.1,100.0,100.0
